	name_short	ISO2	ISO3	continent	UNregion	APEC	G20	G7	BRIC	CIS	RANK	Country	Happiness score	Whisker-high	Whisker-low	Dystopia (1.83) + residual	Explained by: GDP per capita	Explained by: Social support	Explained by: Healthy life expectancy	Explained by: Freedom to make life choices	Explained by: Generosity	Explained by: Perceptions of corruption
0	Finland	FI	FIN	Europe	Northern Europe		G20				1.0	Finland	7.821000099182129	7.886425495147705	7.755574703216553	2.5180516242980957	1.8916280269622803	1.258108377456665	0.775206446647644	0.7355902194976807	0.10873305052518845	0.5336580872535706
1	Denmark	DK	DNK	Europe	Northern Europe		G20				2.0	Denmark	7.636199951171875	7.709897041320801	7.562502861022949	2.2256317138671875	1.9525948762893677	1.2426812648773193	0.7766435146331787	0.7189184427261353	0.1876257061958313	0.5320789217948914
2	Iceland	IS	ISL	Europe	Northern Europe						3.0	Iceland	7.557499885559082	7.651075839996338	7.463923931121826	2.3201847076416016	1.9357264041900635	1.3199135065078735	0.802621603012085	0.7181944847106934	0.26961612701416016	0.191204234957695
3	Switzerland	CH	CHE	Europe	Western Europe						4.0	Switzerland	7.511600017547607	7.5863938331604	7.4368062019348145	2.1527462005615234	2.0259697437286377	1.2260738611221313	0.8220476508140564	0.6769469380378723	0.14682170748710632	0.4610044062137604
4	Netherlands	NL	NLD	Europe	Western Europe		G20				5.0	Netherlands	7.414899826049805	7.4712653160095215	7.358534336090088	2.136936664581299	1.944577932357788	1.205848217010498	0.7867376208305359	0.650681734085083	0.2710764706134796	0.4190830886363983
5	Luxembourg	LU	LUX	Europe	Western Europe		G20				6.0	Luxembourg*	7.4039998054504395	7.50134801864624	7.306651592254639	2.041680335998535	2.209395408630371	1.1545246839523315	0.7903646230697632	0.6997277736663818	0.12020288407802582	0.38811996579170227
6	Sweden	SE	SWE	Europe	Northern Europe		G20				7.0	Sweden	7.384300231933594	7.4540910720825195	7.314509391784668	2.003476142883301	1.9202585220336914	1.2040431499481201	0.8026081919670105	0.7237046957015991	0.2179296463727951	0.5122383832931519
7	Norway	NO	NOR	Europe	Northern Europe						8.0	Norway	7.365099906921387	7.4397993087768555	7.290400505065918	1.9245843887329102	1.9971911907196045	1.239048719406128	0.7860307097434998	0.7276478409767151	0.21664024889469147	0.47399914264678955
8	Israel	IL	ISR	Asia	Western Asia						9.0	Israel	7.363800048828125	7.426287651062012	7.301312446594238	2.6341071128845215	1.8259295225143433	1.2209957838058472	0.8176369667053223	0.5676404237747192	0.15483763813972473	0.14261415600776672
9	New Zealand	NZ	NZL	Oceania	Australia and New Zealand	APEC					10.0	New Zealand	7.19980001449585	7.279399394989014	7.1202006340026855	1.9535832405090332	1.8520405292510986	1.2346335649490356	0.7521170377731323	0.6797534227371216	0.2446611374616623	0.48300281167030334
10	Austria	AT	AUT	Europe	Western Europe		G20				11.0	Austria	7.163000106811523	7.236604690551758	7.089395523071289	2.147515296936035	1.9313225746154785	1.1652566194534302	0.7737501859664917	0.6227887272834778	0.1932794749736786	0.3291270434856415
11	Australia	AU	AUS	Oceania	Australia and New Zealand	APEC	G20				12.0	Australia	7.162099838256836	7.2435221672058105	7.080677509307861	2.011331558227539	1.899888515472412	1.203384280204773	0.7723036408424377	0.6764959692955017	0.25760915875434875	0.3410457968711853
12	Ireland	IE	IRL	Europe	Northern Europe		G20				13.0	Ireland	7.040800094604492	7.120751857757568	6.960848331451416	1.743192195892334	2.1290323734283447	1.1656070947647095	0.7788048386573792	0.6267539262771606	0.18968403339385986	0.4076792299747467
13	Germany	DE	DEU	Europe	Western Europe		G20	G7			14.0	Germany	7.03410005569458	7.121578693389893	6.946621417999268	2.1416497230529785	1.9237384796142578	1.0875364542007446	0.7759007811546326	0.5851035714149475	0.1625509113073349	0.35760560631752014
14	Canada	CA	CAN	America	Northern America	APEC	G20	G7			15.0	Canada	7.025100231170654	7.1070685386657715	6.943131923675537	1.9236388206481934	1.8864532709121704	1.18776273727417	0.7831433415412903	0.658886194229126	0.21696539223194122	0.3682062327861786
15	United States	US	USA	America	Northern America	APEC	G20	G7			16.0	United States	6.976799964904785	7.065357208251953	6.888242721557617	2.213618278503418	1.9823453426361084	1.1816372871398926	0.6281335353851318	0.5742728114128113	0.22004161775112152	0.17671221494674683
16	United Kingdom	GB	GBR	Europe	Northern Europe		G20	G7			17.0	United Kingdom	6.942500114440918	7.01768684387207	6.867313385009766	1.9674549102783203	1.8671802282333374	1.1430999040603638	0.7499578595161438	0.5965437293052673	0.28907519578933716	0.32918664813041687
17	Czech Republic	CZ	CZE	Europe	Eastern Europe		G20				18.0	Czechia	6.9197998046875	7.028676509857178	6.810923099517822	2.2626395225524902	1.8150155544281006	1.2600810527801514	0.7150060534477234	0.6603860259056091	0.15846003592014313	0.048207007348537445
18	Belgium	BE	BEL	Europe	Western Europe		G20				19.0	Belgium	6.804999828338623	6.889688014984131	6.720311641693115	2.2831368446350098	1.9072577953338623	1.1061527729034424	0.7636563181877136	0.49194300174713135	0.0493561327457428	0.20354114472866058
19	France	FR	FRA	Europe	Western Europe		G20	G7			20.0	France	6.686699867248535	6.758274555206299	6.6151251792907715	1.8949899673461914	1.8626905679702759	1.2186006307601929	0.8076454401016235	0.5671940445899963	0.06989908218383789	0.2656324803829193
20	Bahrain	BH	BHR	Asia	Western Asia						21.0	Bahrain	6.646900177001953	6.779462814331055	6.514337539672852	2.092353343963623	1.8539786338806152	1.0289300680160522	0.6248905062675476	0.6929103136062622	0.19925999641418457	0.1545918583869934
21	Slovenia	SI	SVN	Europe	Southern Europe		G20				22.0	Slovenia	6.630099773406982	6.718324661254883	6.541874885559082	1.8848772048950195	1.80962073802948	1.2490571737289429	0.7694127559661865	0.6845259666442871	0.11781401932239532	0.11475236713886261
22	Costa Rica	CR	CRI	America	Central America						23.0	Costa Rica	6.581999778747559	6.683391094207764	6.4806084632873535	2.3462867736816406	1.5842736959457397	1.054443597793579	0.7442119717597961	0.6613852977752686	0.0889740139245987	0.10240529477596283
23	United Arab Emirates	AE	ARE	Asia	Western Asia						24.0	United Arab Emirates	6.576000213623047	6.660160064697266	6.491840362548828	1.8094100952148438	1.998103141784668	0.9795715808868408	0.6327618956565857	0.7020320296287537	0.2037053108215332	0.25044122338294983
24	Saudi Arabia	SA	SAU	Asia	Western Asia		G20				25.0	Saudi Arabia	6.522799968719482	6.636561393737793	6.409038543701172	2.0747365951538086	1.869549036026001	1.09208345413208	0.5768461227416992	0.6507883667945862	0.07841826230287552	0.18037278950214386
25	Taiwan	TW	TWN	Asia	Eastern Asia	APEC					26.0	Taiwan Province of China	6.512499809265137	6.5964674949646	6.428532123565674	2.0021910667419434	1.8968870639801025	1.0952037572860718	0.7326737642288208	0.5422512888908386	0.07503262907266617	0.16824042797088623
26	Singapore	SG	SGP	Asia	South-eastern Asia	APEC					27.0	Singapore	6.480199813842773	6.5686116218566895	6.391788005828857	0.9321718215942383	2.148613929748535	1.1273994445800781	0.8508744239807129	0.6715790629386902	0.1626960039138794	0.5868280529975891
27	Romania	RO	ROU	Europe	Eastern Europe		G20				28.0	Romania	6.4770002365112305	6.574841022491455	6.379159450531006	2.445876121520996	1.7188928127288818	1.0061519145965576	0.6554091572761536	0.6052556037902832	0.03927204757928848	0.006143508478999138
28	Spain	ES	ESP	Europe	Southern Europe		G20				29.0	Spain	6.47629976272583	6.560458183288574	6.392141342163086	1.89337158203125	1.8080835342407227	1.211014986038208	0.8083633184432983	0.5049465894699097	0.10146153718233109	0.14901389181613922
29	Uruguay	UY	URY	America	South America						30.0	Uruguay	6.473599910736084	6.561542510986328	6.38565731048584	1.9744925498962402	1.6145362854003906	1.1796176433563232	0.6720983982086182	0.6649817228317261	0.10261441022157669	0.26524412631988525
30	Italy	IT	ITA	Europe	Southern Europe		G20	G7			31.0	Italy	6.466700077056885	6.570244312286377	6.363155841827393	2.22244930267334	1.834216833114624	1.0517305135726929	0.8011638522148132	0.4124963581562042	0.08534713089466095	0.05925849825143814
31	Kosovo	XK	XKX	Europe	Southern Europe						32.0	Kosovo	6.455100059509277	6.5713725090026855	6.338827610015869	2.631157159805298	1.3621175289154053	0.9493407011032104	0.5694798827171326	0.5988550186157227	0.3091844320297241	0.03500910475850105
32	Malta	MT	MLT	Europe	Southern Europe		G20				33.0	Malta	6.446899890899658	6.5345258712768555	6.359273910522461	1.631462574005127	1.8382794857025146	1.168923258781433	0.7889099717140198	0.6791720986366272	0.1742989420890808	0.16584274172782898
33	Lithuania	LT	LTU	Europe	Northern Europe		G20				34.0	Lithuania	6.4456000328063965	6.53542947769165	6.355770587921143	2.152947425842285	1.8039295673370361	1.203661322593689	0.6592584848403931	0.49565961956977844	0.05324197933077812	0.0769382119178772
34	Slovakia	SK	SVK	Europe	Eastern Europe		G20				35.0	Slovakia	6.390699863433838	6.474996566772461	6.306403160095215	2.09413480758667	1.736467957496643	1.231731653213501	0.7073143124580383	0.4786492884159088	0.117824986577034	0.024537771940231323
35	Estonia	EE	EST	Europe	Northern Europe		G20				36.0	Estonia	6.340799808502197	6.415389060974121	6.266210556030273	1.4423422813415527	1.7934857606887817	1.2323181629180908	0.7275119423866272	0.68930983543396	0.12293189764022827	0.33288466930389404
36	Panama	PA	PAN	America	Central America						37.0	Panama	6.309100151062012	6.464404582977295	6.1537957191467285	2.085679054260254	1.7148849964141846	1.1065844297409058	0.709470808506012	0.5923488140106201	0.04885655641555786	0.05129002779722214
37	Brazil	BR	BRA	America	South America		G20		BRIC		38.0	Brazil	6.292799949645996	6.3838210105896	6.201778888702393	2.360506772994995	1.4618858098983765	1.0441974401474	0.6145867109298706	0.5463461875915527	0.13104112446308136	0.13427786529064178
38	Guatemala	GT	GTM	America	Central America						39.0	Guatemala*	6.262199878692627	6.460112571716309	6.064287185668945	2.7461655139923096	1.2736423015594482	0.8310883045196533	0.5221021771430969	0.6621544361114502	0.11223294585943222	0.11478934437036514
39	Kazakhstan	KZ	KAZ	Asia	Central Asia					CIS	40.0	Kazakhstan	6.234099864959717	6.329739570617676	6.138460159301758	1.8602371215820312	1.6679818630218506	1.2201673984527588	0.6112638115882874	0.5835369825363159	0.1337936967611313	0.15714138746261597
40	Cyprus	CY	CYP	Asia	Western Asia		G20				41.0	Cyprus	6.220900058746338	6.320242881774902	6.121557235717773	2.044133186340332	1.8150652647018433	0.9093149900436401	0.8191651701927185	0.44814634323120117	0.1233266219496727	0.061779703944921494
41	Latvia	LV	LVA	Europe	Northern Europe		G20				42.0	Latvia	6.1803998947143555	6.255204200744629	6.105595588684082	1.9226579666137695	1.731594204902649	1.220850944519043	0.6374402046203613	0.5020811557769775	0.07528442144393921	0.09049143642187119
42	Serbia	RS	SRB	Europe	Southern Europe						43.0	Serbia	6.177999973297119	6.293776035308838	6.0622239112854	2.031452178955078	1.5497493743896484	1.085569143295288	0.6583009362220764	0.5458604693412781	0.21863941848278046	0.088397316634655
43	Chile	CL	CHL	America	South America	APEC					44.0	Chile	6.171800136566162	6.261715412139893	6.081884860992432	2.0399889945983887	1.6513581275939941	1.079747200012207	0.7484585046768188	0.4600219428539276	0.12367241829633713	0.06859377026557922
44	Nicaragua	NI	NIC	America	Central America						45.0	Nicaragua	6.164599895477295	6.311975955963135	6.017223834991455	2.4178876876831055	1.104727864265442	1.029070258140564	0.6165152192115784	0.6167458891868591	0.16780778765678406	0.2118580937385559
45	Mexico	MX	MEX	America	Central America	APEC	G20				46.0	Mexico	6.127600193023682	6.23797082901001	6.0172295570373535	2.23891019821167	1.5515265464782715	0.8856733441352844	0.6230612993240356	0.6213710308074951	0.09187618643045425	0.11522772908210754
46	Croatia	HR	HRV	Europe	Southern Europe		G20				47.0	Croatia	6.125199794769287	6.228540420532227	6.021859169006348	1.884073257446289	1.7053600549697876	1.1832774877548218	0.7087388634681702	0.5346104502677917	0.10914544016122818	0.0
47	Poland	PL	POL	Europe	Eastern Europe		G20				48.0	Poland	6.122799873352051	6.205459117889404	6.040140628814697	1.692728042602539	1.7575041055679321	1.1735914945602417	0.7116442322731018	0.5229921340942383	0.12417715042829514	0.14011771976947784
48	El Salvador	SV	SLV	America	Central America						49.0	El Salvador	6.119999885559082	6.249633312225342	5.990366458892822	2.5139522552490234	1.2648930549621582	0.7678723931312561	0.6068511605262756	0.6659149527549744	0.08867558091878891	0.21183757483959198
49	Kuwait	KW	KWT	Asia	Western Asia						50.0	Kuwait*	6.106100082397461	6.235341548919678	5.976858615875244	1.6209392547607422	1.903865098953247	0.9832875728607178	0.7470964789390564	0.6173350811004639	0.08695419877767563	0.1466420590877533
50	Hungary	HU	HUN	Europe	Eastern Europe		G20				51.0	Hungary	6.085899829864502	6.18712854385376	5.984671115875244	1.8116374015808105	1.747837781906128	1.2325856685638428	0.6676573753356934	0.48464435338974	0.07769043743610382	0.06388397514820099
51	Mauritius	MU	MUS	Africa	Eastern Africa						52.0	Mauritius	6.071100234985352	6.184289455413818	5.957911014556885	1.9688191413879395	1.5911095142364502	1.1163902282714844	0.5675454139709473	0.5894469022750854	0.13085348904132843	0.10696118324995041
52	Uzbekistan	UZ	UZB	Asia	Central Asia					CIS	53.0	Uzbekistan	6.062699794769287	6.177520751953125	5.947878837585449	1.913071632385254	1.2191461324691772	1.0915559530258179	0.5997484922409058	0.7156714200973511	0.2831294536590576	0.2404218465089798
53	Japan	JP	JPN	Asia	Eastern Asia	APEC	G20	G7			54.0	Japan	6.038899898529053	6.118530750274658	5.959269046783447	1.4870305061340332	1.8345048427581787	1.0893537998199463	0.8660697937011719	0.5365419387817383	0.007166543044149876	0.21819579601287842
54	Honduras	HN	HND	America	Central America						55.0	Honduras	6.02209997177124	6.189366817474365	5.854833126068115	2.610586404800415	1.1112792491912842	0.8850036859512329	0.5545865297317505	0.5821523070335388	0.20199593901634216	0.07648828625679016
55	Portugal	PT	PRT	Europe	Southern Europe		G20				56.0	Portugal	6.016300201416016	6.121967315673828	5.910633087158203	1.6911158561706543	1.759892225265503	1.078463077545166	0.7766397595405579	0.6546880602836609	0.016330352053046227	0.03916577249765396
56	Argentina	AR	ARG	America	South America		G20				57.0	Argentina	5.9670000076293945	6.089666843414307	5.844333171844482	1.8905558586120605	1.5916556119918823	1.101975917816162	0.6619763970375061	0.5553756952285767	0.0805148184299469	0.08492603152990341
57	Greece	GR	GRC	Europe	Southern Europe		G20				58.0	Greece	5.948200225830078	6.043491363525391	5.852909088134766	2.1185991764068604	1.7030614614486694	0.9803828001022339	0.773688793182373	0.24916474521160126	0.014922902919352055	0.10833656042814255
58	South Korea	KR	KOR	Asia	Eastern Asia	APEC	G20				59.0	South Korea	5.935100078582764	6.020747184753418	5.849452972412109	1.6558270454406738	1.8510887622833252	0.8857672810554504	0.8414944410324097	0.4138626456260681	0.111005038022995	0.17606528103351593
59	Philippines	PH	PHL	Asia	South-eastern Asia	APEC					60.0	Philippines	5.903600215911865	6.007111549377441	5.800088882446289	2.282597780227661	1.2676912546157837	0.9119067192077637	0.5139776468276978	0.6784930229187012	0.10729134827852249	0.1416739821434021
60	Thailand	TH	THA	Asia	South-eastern Asia	APEC					61.0	Thailand	5.891200065612793	5.994006633758545	5.788393497467041	1.6001362800598145	1.5350263118743896	1.0955945253372192	0.6968042850494385	0.6166512966156006	0.3209993243217468	0.026037082076072693
61	Moldova	MD	MDA	Europe	Eastern Europe					CIS	62.0	Moldova	5.856800079345703	5.948091983795166	5.76550817489624	2.1421079635620117	1.4173669815063477	1.0084724426269531	0.596850574016571	0.5612049102783203	0.10230626910924911	0.02848857454955578
62	Jamaica	JM	JAM	America	Caribbean						63.0	Jamaica	5.849599838256836	6.023430347442627	5.675769329071045	2.16361927986145	1.2958128452301025	1.0448073148727417	0.6461374759674072	0.5668863654136658	0.0796772912144661	0.05267925187945366
63	Kyrgyz Republic	KG	KGZ	Asia	Central Asia						64.0	Kyrgyzstan	5.828499794006348	5.915742874145508	5.7412567138671875	2.086512804031372	1.0685728788375854	1.109461784362793	0.6379151344299316	0.6930596232414246	0.2081545740365982	0.024779101833701134
64	Belarus	BY	BLR	Europe	Eastern Europe					CIS	65.0	Belarus*	5.821499824523926	5.950403690338135	5.692595958709717	1.8107380867004395	1.5619453191757202	1.1565419435501099	0.6288302540779114	0.3418358862400055	0.03955039754509926	0.2820110619068146
65	Colombia	CO	COL	America	South America						66.0	Colombia	5.780600070953369	5.902648448944092	5.6585516929626465	1.9709463119506836	1.451734185218811	0.9286164045333862	0.720436155796051	0.5450152158737183	0.0871150940656662	0.07672437280416489
66	Bosnia and Herzegovina	BA	BIH	Europe	Southern Europe						67.0	Bosnia and Herzegovina	5.76800012588501	5.876588821411133	5.659411430358887	1.8692753314971924	1.4682552814483643	1.0680179595947266	0.6648434996604919	0.4481370151042938	0.2439352571964264	0.005504802335053682
67	Mongolia	MN	MNG	Asia	Eastern Asia						68.0	Mongolia	5.760700225830078	5.845310211181641	5.676090240478516	1.998868703842163	1.3929768800735474	1.1974509954452515	0.4672314524650574	0.39782682061195374	0.24714121222496033	0.059239357709884644
68	Dominican Republic	DO	DOM	America	Caribbean						69.0	Dominican Republic	5.737199783325195	5.873368263244629	5.601031303405762	1.7512781620025635	1.5375359058380127	1.002897024154663	0.5767497420310974	0.606073796749115	0.08404497057199478	0.17866824567317963
69	Malaysia	MY	MYS	Asia	South-eastern Asia	APEC					70.0	Malaysia	5.711299896240234	5.84495210647583	5.577647686004639	1.4714970588684082	1.68926203250885	0.9376586079597473	0.6198279857635498	0.6542719006538391	0.21315805613994598	0.12564919888973236
70	Bolivia	BO	BOL	America	South America						71.0	Bolivia	5.600299835205078	5.709324359893799	5.491275310516357	2.1067111492156982	1.2558046579360962	0.8798621296882629	0.5552874207496643	0.6268607378005981	0.11162987351417542	0.06418066471815109
71	China	CN	CHN	Asia	Eastern Asia	APEC	G20		BRIC		72.0	China	5.585299968719482	5.65028190612793	5.520318031311035	1.5159173011779785	1.5084460973739624	0.9583731293678284	0.7045094966888428	0.656482458114624	0.09929051250219345	0.14225631952285767
72	Paraguay	PY	PRY	America	South America						73.0	Paraguay	5.5782999992370605	5.689180374145508	5.467419624328613	1.555448055267334	1.4085841178894043	1.1302772760391235	0.6244637966156006	0.6288774609565735	0.1712423712015152	0.05936434492468834
73	Peru	PE	PER	America	South America	APEC					74.0	Peru	5.559100151062012	5.679129123687744	5.439071178436279	1.8903138637542725	1.3974946737289429	0.8646109104156494	0.7348531484603882	0.5452592372894287	0.08959510177373886	0.0369969941675663
74	Montenegro	ME	MNE	Europe	Southern Europe						75.0	Montenegro	5.546800136566162	5.681033611297607	5.412566661834717	1.6189701557159424	1.5733555555343628	1.0233640670776367	0.6590551137924194	0.46023014187812805	0.1347978413105011	0.07701002061367035
75	Ecuador	EC	ECU	America	South America						76.0	Ecuador	5.533299922943115	5.653061389923096	5.413538455963135	1.8661065101623535	1.3516987562179565	0.87916100025177	0.708149254322052	0.5647234916687012	0.08032120764255524	0.08311454206705093
76	Vietnam	VN	VNM	Asia	South-eastern Asia	APEC					77.0	Vietnam	5.485000133514404	5.570312023162842	5.399688243865967	1.7350594997406006	1.2522993087768555	0.9315484166145325	0.6108152866363525	0.7069714069366455	0.1429642289876938	0.10533768683671951
77	Turkmenistan	TM	TKM	Asia	Central Asia						78.0	Turkmenistan*	5.474299907684326	5.578002452850342	5.3705973625183105	1.159811019897461	1.4843127727508545	1.3189550638198853	0.5163330435752869	0.6489843726158142	0.3142988681793213	0.03160462900996208
78	North Cyprus {note}	CY {note}	CYP {note}	Asia	Western Asia		G20				79.0	North Cyprus*	5.466599941253662	5.608694076538086	5.324505805969238	1.0783376693725586	1.8150652647018433	0.8880544304847717	0.8191651701927185	0.5226932764053345	0.13026630878448486	0.21303285658359528
79	Russia	RU	RUS	Europe	Eastern Europe	APEC	G20		BRIC	CIS	80.0	Russia	5.458600044250488	5.525054454803467	5.39214563369751	1.4940247535705566	1.6847054958343506	1.0951956510543823	0.5862349271774292	0.40140166878700256	0.11722828447818756	0.07982023805379868
80	Hong Kong	HK	HKG	Asia	Eastern Asia	APEC					81.0	Hong Kong S.A.R. of China	5.424799919128418	5.501148700714111	5.348451137542725	0.6415553092956543	1.957329511642456	0.9542672038078308	0.9418286681175232	0.4003404676914215	0.14672236144542694	0.3827511966228485
81	Armenia	AM	ARM	Asia	Western Asia					CIS	82.0	Armenia	5.398600101470947	5.519479751586914	5.2777204513549805	1.6544222831726074	1.4341225624084473	0.8199043869972229	0.6681329011917114	0.5576069951057434	0.05449013039469719	0.20990130305290222
82	Tajikistan	TJ	TJK	Asia	Central Asia					CIS	83.0	Tajikistan	5.377099990844727	5.467547416687012	5.286652565002441	1.8947632312774658	0.9664257168769836	1.0051751136779785	0.517663836479187	0.571535587310791	0.11757739633321762	0.3039129674434662
83	Nepal	NP	NPL	Asia	Southern Asia						84.0	Nepal	5.376500129699707	5.501927852630615	5.251072406768799	2.223912239074707	0.9844930171966553	0.7837649583816528	0.49922800064086914	0.5185115337371826	0.23675592243671417	0.12980405986309052
84	Bulgaria	BG	BGR	Europe	Eastern Europe		G20				85.0	Bulgaria	5.3709001541137695	5.485105991363525	5.256694316864014	1.2354192733764648	1.6249457597732544	1.1628960371017456	0.6403149962425232	0.562840461730957	0.12327451258897781	0.021221140399575233
85	Libya	LY	LBY	Africa	Northern Africa						86.0	Libya*	5.3302001953125	5.542899131774902	5.117501258850098	1.5441625118255615	1.475775957107544	0.9425937533378601	0.6057538390159607	0.4765428602695465	0.10595910251140594	0.17943421006202698
86	Indonesia	ID	IDN	Asia	South-eastern Asia	APEC	G20				87.0	Indonesia	5.23960018157959	5.340527534484863	5.138672828674316	1.3000507354736328	1.3819719552993774	0.882904052734375	0.5392173528671265	0.6202617883682251	0.4679258465766907	0.047294192016124725
87	Cote d'Ivoire	CI	CIV	Africa	Western Africa						88.0	Ivory Coast	5.234600067138672	5.384376049041748	5.084824085235596	2.6520802974700928	1.094041109085083	0.4424029290676117	0.32237568497657776	0.4510815739631653	0.1489081233739853	0.12370319664478302
88	North Macedonia	MK	MKD	Europe	Southern Europe						89.0	North Macedonia	5.198999881744385	5.303180694580078	5.094819068908691	1.460712194442749	1.5046250820159912	0.8626294136047363	0.6373797059059143	0.48750039935112	0.2151232212781906	0.03100176528096199
89	Albania	AL	ALB	Europe	Southern Europe						90.0	Albania	5.198800086975098	5.321238040924072	5.076362133026123	1.717909812927246	1.4385340213775635	0.6457356810569763	0.7189506888389587	0.5109162330627441	0.13838626444339752	0.028380626812577248
90	South Africa	ZA	ZAF	Africa	Southern Africa		G20				91.0	South Africa	5.193900108337402	5.315114498138428	5.072685718536377	1.7424719333648682	1.424950122833252	1.0882340669631958	0.36124831438064575	0.4421205520629883	0.08886580914258957	0.04603973403573036
91	Azerbaijan	AZ	AZE	Asia	Western Asia					CIS	92.0	Azerbaijan*	5.173399925231934	5.265279769897461	5.081520080566406	1.0977892875671387	1.4579789638519287	1.0930347442626953	0.5596011877059937	0.6008951663970947	0.02342911623418331	0.34066101908683777
92	Gambia	GM	GMB	Africa	Western Africa						93.0	Gambia*	5.163599967956543	5.408836841583252	4.918363094329834	2.5310704708099365	0.7848303318023682	0.6205543279647827	0.36922144889831543	0.3673870265483856	0.38803157210350037	0.10253199934959412
93	Bangladesh	BD	BGD	Asia	Southern Asia						94.0	Bangladesh	5.1554999351501465	5.261958122253418	5.049041748046875	1.9669315814971924	1.0602563619613647	0.6137131452560425	0.5806912779808044	0.6222731471061707	0.12493634223937988	0.1867043673992157
94	Laos	LA	LAO	Asia	South-eastern Asia						95.0	Laos	5.1402997970581055	5.262993812561035	5.017605781555176	1.7090027332305908	1.2387919425964355	0.6542576551437378	0.4786238670349121	0.6790623068809509	0.19653378427028656	0.1839979887008667
95	Algeria	DZ	DZA	Africa	Northern Africa						96.0	Algeria	5.122300148010254	5.214597702026367	5.030002593994141	1.744494915008545	1.3627820014953613	0.9696173667907715	0.6431504487991333	0.1459854394197464	0.10646261274814606	0.1498463749885559
96	Liberia	LR	LBR	Africa	Western Africa						97.0	Liberia*	5.121500015258789	5.42842435836792	4.814575672149658	2.844388008117676	0.6356145143508911	0.6700066924095154	0.3086460828781128	0.40537768602371216	0.1778694987297058	0.07955851405858994
97	Ukraine	UA	UKR	Europe	Eastern Europe						98.0	Ukraine	5.084099769592285	5.189741134643555	4.978458404541016	1.330737829208374	1.4112961292266846	1.0805567502975464	0.5832998156547546	0.47300830483436584	0.18835440278053284	0.016815461218357086
98	Congo Republic	CG	COG	Africa	Middle Africa						99.0	Congo	5.075200080871582	5.235394477844238	4.915005683898926	2.6579272747039795	0.950382649898529	0.40516048669815063	0.35522225499153137	0.4308602213859558	0.1300433874130249	0.14564387500286102
99	Morocco	MA	MAR	Africa	Northern Africa						100.0	Morocco	5.059899806976318	5.181416988372803	4.938382625579834	2.4046075344085693	1.2079977989196777	0.2677810788154602	0.5653759241104126	0.4923076629638672	0.020166514441370964	0.10170724242925644
100	Mozambique	MZ	MOZ	Africa	Eastern Africa						101.0	Mozambique	5.048299789428711	5.273388862609863	4.823210716247559	2.6414153575897217	0.5782877802848816	0.6596840023994446	0.1910804808139801	0.5929921865463257	0.1851261854171753	0.19968704879283905
101	Cameroon	CM	CMR	Africa	Middle Africa						102.0	Cameroon	5.047599792480469	5.187950134277344	4.907249450683594	2.46875	0.9680230617523193	0.6716996431350708	0.3166263699531555	0.3971286118030548	0.15178239345550537	0.0735725611448288
102	Senegal	SN	SEN	Africa	Western Africa						103.0	Senegal	5.04610013961792	5.1707634925842285	4.921436786651611	2.4187207221984863	0.9327192902565002	0.5297720432281494	0.4471515417098999	0.49369680881500244	0.14340321719646454	0.08066754043102264
103	Niger	NE	NER	Africa	Western Africa						104.0	Niger*	5.003499984741211	5.246537208557129	4.760462760925293	2.666879892349243	0.5698729753494263	0.5600710511207581	0.32595330476760864	0.5713254809379578	0.16462849080562592	0.14481307566165924
104	Georgia	GE	GEO	Asia	Western Asia						105.0	Georgia	4.973199844360352	5.079108715057373	4.86729097366333	1.5831689834594727	1.4672424793243408	0.6117153763771057	0.5948413014411926	0.5079331398010254	0.0	0.20825719833374023
105	Gabon	GA	GAB	Africa	Middle Africa						106.0	Gabon	4.9583001136779785	5.091066360473633	4.825533866882324	1.891601324081421	1.4592005014419556	0.7377017736434937	0.39570119976997375	0.3431932330131531	0.03227327764034271	0.09861506521701813
106	Iraq	IQ	IRQ	Asia	Western Asia						107.0	Iraq	4.940899848937988	5.098755836486816	4.78304386138916	1.8943524360656738	1.2887792587280273	0.6823609471321106	0.5542571544647217	0.3284466564655304	0.14672881364822388	0.045941274613142014
107	Venezuela	VE	VEN	America	South America						108.0	Venezuela	4.92549991607666	5.050718307495117	4.800281524658203	2.7902932167053223	0.0	0.9678928256034851	0.5777590274810791	0.2826734185218811	0.2252623438835144	0.08163151890039444
108	Guinea	GN	GIN	Africa	Western Africa						109.0	Guinea	4.890500068664551	5.028179168701172	4.75282096862793	2.5378012657165527	0.8481511473655701	0.5663941502571106	0.2749532163143158	0.3338097333908081	0.21377159655094147	0.11560046672821045
109	Iran	IR	IRN	Asia	Southern Asia						110.0	Iran	4.887899875640869	4.995395183563232	4.780404567718506	1.4269888401031494	1.4097338914871216	0.7406527400016785	0.6417500972747803	0.28134480118751526	0.24098455905914307	0.14641529321670532
110	Ghana	GH	GHA	Africa	Western Africa						111.0	Ghana	4.872000217437744	4.998631000518799	4.7453694343566895	1.9720609188079834	1.1115119457244873	0.5949505567550659	0.4088703691959381	0.4995107352733612	0.2295379787683487	0.05557966232299805
111	TÃ¼rkiye	TR	TUR	Asia	Western Asia		G20				112.0	Turkey	4.744200229644775	4.844832420349121	4.64356803894043	1.0591151714324951	1.7068283557891846	0.8652169704437256	0.7018067836761475	0.20906096696853638	0.08722689747810364	0.1149609237909317
112	Burkina Faso	BF	BFA	Africa	Western Africa						113.0	Burkina Faso	4.670499801635742	4.814260005950928	4.526739597320557	2.3126273155212402	0.7791023850440979	0.5649209022521973	0.31968650221824646	0.38211920857429504	0.1864529252052307	0.1255418360233307
113	Cambodia	KH	KHM	Asia	South-eastern Asia						114.0	Cambodia	4.6402997970581055	4.764895439147949	4.515704154968262	1.4103124141693115	1.0191460847854614	0.7320998311042786	0.5048215985298157	0.7400385737419128	0.16594895720481873	0.0679185539484024
114	Benin	BJ	BEN	Africa	Western Africa						115.0	Benin	4.623199939727783	4.754367828369141	4.492032051086426	2.4578986167907715	0.9317342042922974	0.06373385339975357	0.33459755778312683	0.47882482409477234	0.12672266364097595	0.22965238988399506
115	Comoros	KM	COM	Africa	Eastern Africa						116.0	Comoros*	4.60860013961792	4.849146366119385	4.368053913116455	2.303922176361084	0.8993876576423645	0.4761405885219574	0.42402780055999756	0.1853092461824417	0.1945028454065323	0.12532611191272736
116	Uganda	UG	UGA	Africa	Eastern Africa						117.0	Uganda	4.60260009765625	4.7465500831604	4.4586501121521	1.841970443725586	0.7771909832954407	0.8752675652503967	0.417612761259079	0.40229445695877075	0.22197021543979645	0.06628309190273285
117	Nigeria	NG	NGA	Africa	Western Africa						118.0	Nigeria	4.552000045776367	4.650744438171387	4.453255653381348	1.784003496170044	1.0794718265533447	0.7321566939353943	0.29988333582878113	0.4443625807762146	0.1745624989271164	0.03753052279353142
118	Kenya	KE	KEN	Africa	Eastern Africa						119.0	Kenya	4.543000221252441	4.6833319664001465	4.402668476104736	1.661447286605835	1.031548261642456	0.60507732629776	0.40100958943367004	0.43996813893318176	0.3217529356479645	0.08215291798114777
119	Tunisia	TN	TUN	Africa	Northern Africa						120.0	Tunisia	4.515999794006348	4.6294097900390625	4.402589797973633	1.5397043228149414	1.349854588508606	0.5963210463523865	0.6562386155128479	0.3158966600894928	0.0288959052413702	0.029135800898075104
120	Pakistan	PK	PAK	Asia	Southern Asia						121.0	Pakistan	4.5157999992370605	4.634306907653809	4.3972930908203125	1.9398927688598633	1.048730492591858	0.4125775396823883	0.3740493059158325	0.44776955246925354	0.18104663491249084	0.11168885976076126
121	Palestine	PS	PSE	Asia	Western Asia						122.0	Palestinian Territories*	4.482500076293945	4.665442943572998	4.299557209014893	1.3677453994750977	1.147925615310669	0.9572246074676514	0.5206599235534668	0.3363785147666931	0.07315609604120255	0.0794472023844719
122	Mali	ML	MLI	Africa	Western Africa						123.0	Mali	4.479000091552734	4.6108222007751465	4.347177982330322	2.372769355773926	0.7915929555892944	0.4831300675868988	0.31104907393455505	0.34978315234184265	0.12841901183128357	0.04227355867624283
123	Namibia	NA	NAM	Africa	Southern Africa						124.0	Namibia	4.459400177001953	4.5926384925842285	4.326161861419678	1.4142963886260986	1.2923872470855713	0.8771694302558899	0.3540918529033661	0.3839171528816223	0.06671281903982162	0.0708409994840622
124	Eswatini	SZ	SWZ	Africa	Southern Africa						125.0	Eswatini, Kingdom of*	4.396100044250488	4.607030391693115	4.185169696807861	1.688359260559082	1.2736265659332275	0.7862652540206909	0.1968819499015808	0.25924956798553467	0.037637859582901	0.15409424901008606
125	Myanmar	MM	MMR	Asia	Eastern Asia						126.0	Myanmar	4.394199848175049	4.511316776275635	4.277082920074463	0.8768932819366455	1.038498044013977	0.8290084600448608	0.4908556342124939	0.5129566788673401	0.45215505361557007	0.19379174709320068
126	Sri Lanka	LK	LKA	Asia	Southern Asia						127.0	Sri Lanka	4.362199783325195	4.4873738288879395	4.237025737762451	0.5953545570373535	1.415481686592102	0.9336079359054565	0.6604943871498108	0.5289205312728882	0.14972425997257233	0.07856734097003937
127	Madagascar	MG	MDG	Africa	Eastern Africa						128.0	Madagascar*	4.339099884033203	4.529710292816162	4.148489475250244	2.147782564163208	0.6703334450721741	0.6445609331130981	0.37787505984306335	0.20205067098140717	0.14296703040599823	0.15351778268814087
128	Egypt	EG	EGY	Africa	Northern Africa						129.0	Egypt	4.287700176239014	4.377269744873047	4.1981306076049805	0.8556003570556641	1.388134479522705	0.7323397397994995	0.5475977659225464	0.46898600459098816	0.0406542643904686	0.2543814182281494
129	Chad	TD	TCD	Africa	Middle Africa						130.0	Chad*	4.250800132751465	4.502810955047607	3.9987895488739014	2.4191346168518066	0.661557674407959	0.5062879323959351	0.22499430179595947	0.18028663098812103	0.1815919578075409	0.07694610208272934
130	Ethiopia	ET	ETH	Africa	Eastern Africa						131.0	Ethiopia	4.241499900817871	4.364546775817871	4.118453025817871	1.3750920295715332	0.7880569100379944	0.8089874386787415	0.45651620626449585	0.47245100140571594	0.20460015535354614	0.13582712411880493
131	Yemen	YE	YEM	Asia	Western Asia						132.0	Yemen*	4.196899890899658	4.384012699127197	4.009787082672119	1.5613765716552734	0.6914390921592712	1.0425920486450195	0.383644163608551	0.32958880066871643	0.09038746356964111	0.09788461774587631
132	Mauritania	MR	MRT	Africa	Western Africa						133.0	Mauritania*	4.152599811553955	4.355611801147461	3.9495880603790283	1.2067911624908447	1.100187063217163	0.864883303642273	0.44998860359191895	0.30393680930137634	0.08836424350738525	0.13846828043460846
133	Jordan	JO	JOR	Asia	Western Asia						134.0	Jordan	4.152100086212158	4.2756428718566895	4.028557300567627	0.6954586505889893	1.323523998260498	0.7241126298904419	0.6749829053878784	0.4758279621601105	0.05787775665521622	0.2003200352191925
134	Togo	TG	TGO	Africa	Western Africa						135.0	Togo	4.112299919128418	4.271612167358398	3.9529876708984375	2.061372995376587	0.7711066007614136	0.3215048611164093	0.3597058057785034	0.2917749881744385	0.17440930008888245	0.13241630792617798
135	India	IN	IND	Asia	Southern Asia		G20		BRIC		136.0	India	3.777100086212158	3.8284378051757812	3.725762367248535	0.7948040962219238	1.16701340675354	0.3755294382572174	0.47140491008758545	0.6471344828605652	0.19789443910121918	0.12331824749708176
136	Zambia	ZM	ZMB	Africa	Eastern Africa						137.0	Zambia	3.7597999572753906	3.9020988941192627	3.6175010204315186	1.1349446773529053	0.9301825165748596	0.5772325992584229	0.3064526319503784	0.5252918004989624	0.20278066396713257	0.08290599286556244
137	Malawi	MW	MWI	Africa	Eastern Africa						138.0	Malawi	3.7504000663757324	3.940690279006958	3.560109853744507	1.6609387397766113	0.6478205323219299	0.2792975604534149	0.38820958137512207	0.47693949937820435	0.1401967853307724	0.15704213082790375
138	Tanzania	TZ	TZA	Africa	Eastern Africa						139.0	Tanzania	3.702399969100952	3.8472330570220947	3.5575668811798096	0.7348926067352295	0.8484562635421753	0.5970168709754944	0.4254571795463562	0.5777864456176758	0.248356893658638	0.2704537510871887
139	Sierra Leone	SL	SLE	Africa	Western Africa						140.0	Sierra Leone	3.5739998817443848	3.731785297393799	3.4162144660949707	1.555555820465088	0.6857039332389832	0.41605404019355774	0.27284371852874756	0.38702869415283203	0.20228055119514465	0.05450144037604332
140	Lesotho	LS	LSO	Africa	Southern Africa						141.0	Lesotho*	3.5118000507354736	3.747889995574951	3.275710105895996	1.311936616897583	0.8386673331260681	0.8479581475257874	0.0	0.418751060962677	0.07606732845306396	0.018400054425001144
141	Botswana	BW	BWA	Africa	Southern Africa						142.0	Botswana*	3.471100091934204	3.6669349670410156	3.2752652168273926	0.18741631507873535	1.5025898218154907	0.8154734373092651	0.2798006534576416	0.571353018283844	0.012459135614335537	0.10199251770973206
142	Rwanda	RW	RWA	Africa	Eastern Africa						143.0	Rwanda*	3.268199920654297	3.4622178077697754	3.0741820335388184	0.5362992286682129	0.785251796245575	0.13269758224487305	0.4615268409252167	0.6214788556098938	0.18666201829910278	0.5442358255386353
143	Zimbabwe	ZW	ZWE	Africa	Eastern Africa						144.0	Zimbabwe	2.9951000213623047	3.1098215579986572	2.880378484725952	0.5475285053253174	0.9466041326522827	0.6904597878456116	0.2700861990451813	0.32920336723327637	0.10626501590013504	0.10494278371334076
144	Lebanon	LB	LBN	Asia	Western Asia						145.0	Lebanon	2.9553000926971436	3.0489509105682373	2.86164927482605	0.21553683280944824	1.3920683860778809	0.49799853563308716	0.6309643387794495	0.10279864817857742	0.08219129592180252	0.03376094624400139
145	Afghanistan	AF	AFG	Asia	Southern Asia						146.0	Afghanistan	2.4038000106811523	2.46873140335083	2.3388686180114746	1.263403058052063	0.757993757724762	0.0	0.2886260449886322	0.0	0.08887280523777008	0.004881666973233223
